date,site,depth_m,Wat_temp_Celcius,DO_sat%,DO_mgL,pH,DOC_mgL,POC_mgL,TP_mgL,DP_mgL,SRP_mgL,TN_mgL,NH4_N_mgL,NO3_N_mgL,PN_mgL,Si_mgL,Chla_lab_mgL,Chla_CTDprobe_mgL
2011/3/9,YRZ,0.5,0.04275,94.55,13.773,7.7,1.86,0.4,0.013,0.01,0.008,,0.014,0.797,0.09,3.89,,0.07
2011/3/30,YRZ,0.5,1.8222,93.555,12.9705,7.3,2.23,0.3,0.011,0.007,0.004,0.8,0.019,0.62,0.38,3.13,,0.37
2011/4/19,YRZ,0.5,5.48385,99.045,12.4655,7.4,2.09,0.6,0.02,0.006,0.003,0.78,0.029,0.48,0.1,2.77,,
2011/5/3,YRZ,0.5,5.0184,83.48,10.631,7.4,2.46,0.5,0.019,0.01,0.004,0.687,0.028,0.276,0.1,2.81,,0.575
2011/5/18,YRZ,0.5,9.20435,91.505,10.502,7.7,2.33,0.7,0.032,0.016,0.005,0.77,0.024,0.412,0.7,2.8,,0.4
2011/5/30,YRZ,0.5,12.77805,81.315,8.5895,7,2.2,0.5,0.024,0.007,0.006,0.55,0.01,0.178,0.09,2.51,,0.45
2011/6/21,YRZ,0.5,12.82275,87.255,9.208,8,3.02,0.5,0.024,0.015,0.006,0.423,0.012,0.055,0.17,2.11,,0.73
2011/7/12,YRZ,0.5,14.37295,90.005,9.177,7.8,3.12,0.5,0.021,0.015,0.005,1.48,0.018,0.599,0.1,1.52,,0.495
2011/7/26,YRZ,0.5,11.05315,96.94,10.6515,7.9,2.78,0.4,0.016,0.009,0.003,0.372,0.023,0.073,0.2,1.35,,0.495
2011/8/16,YRZ,0.5,13.53115,131.44,13.6515,7.7,4.21,0.5,0.038,0.015,0.005,1.91,0.01,0.169,0.2,2.71,,0.61
2011/8/30,YRZ,0.5,11.4856,90.26,9.8185,7.7,5.41,0.6,0.028,0.018,0.005,1.12,0.03,0.463,0.6,3.41,,0.22
2011/9/21,YRZ,0.5,8.3032,100.175,11.7485,8,3.87,0.3,0.021,0.012,0.006,0.525,0.032,0.423,0.6,3.05,,0.6
2011/10/5,YRZ,0.5,12.2695,82.89,8.8555,7.9,3.2,0.3,0.016,0.01,0.006,0.374,0.017,0.129,0.1,1.53,,1.34
2011/10/18,YRZ,0.5,5.62135,79.52,9.972,7.6,4.6,0.4,0.019,0.013,0.003,0.874,0.01,0.417,0.1,4.47,,0.705
2011/11/1,YRZ,0.5,5.885,96.93,12.072,7.9,2.68,0.6,0.012,0.009,0.003,0.421,0.01,0.243,0.34,2.66,,0.48
2011/11/15,YRZ,0.5,0.01385,91.87,13.389,7.5,2.3,0.2,0.01,0.007,0.007,0.497,0.01,0.311,0.16,3.42,,0.325
2011/11/29,YRZ,0.5,0.41405,91.435,13.178,7.9,2.38,0.3,0.012,0.007,0.004,0.667,0.011,0.308,0.37,3.23,,0.485
2011/12/19,YRZ,0.5,1.868,88.32,12.2295,7.4,3.25,0.4,0.014,0.013,0.004,1.36,0.007,0.959,0.1,3.47,,0
2012/2/21,YRZ,0.5,,,,7.7,2.57,0.3,0.013,0.007,0.003,,0.018,0.77,0.07,3.49,,
2012/3/6,YRZ,0.5,1.6707,73.04,10.167,7.5,2.72,0.3,0.007,0.007,0.003,,0.01,0.691,0.09,3.3,,0.3
2012/3/19,YRZ,0.5,4.23655,108.185,14.061,7.6,3.02,0.1,0.013,0.006,0.003,0.898,0.01,0.368,0.04,3.15,,
2012/4/3,YRZ,0.5,3.2234,94.335,12.5935,8.3,2.62,0.3,0.012,0.007,0.003,,0.022,0.279,0.2,2.51,,0.03
2012/4/17,YRZ,0.5,2.36625,93.915,12.8265,7.6,2.76,0.3,0.017,0.006,0.003,,0.01,0.325,0.5,1.76,,0.18
2012/4/24,YRZ,0.5,,,,,4.3,0.7,0.019,,0.005,,0.01,0.042,,,,
2012/5/2,YRZ,0.5,12.31495,95.275,10.169,7.7,3.27,0.6,0.012,0.007,0.003,,0.047,0.126,0.28,0.488,,0.855
2012/5/8,YRZ,0.5,,,,,4.88,1,0.038,,0.009,,0.011,0.23,,,,
2012/5/14,YRZ,0.5,7.1404,95.03,11.4705,7.8,4.08,0.6,0.029,0.008,0.003,0.586,0.01,0.146,0.1,2.5,,
2012/5/22,YRZ,0.5,,,,,3.38,0.7,0.032,,0.011,,0.017,0.129,,,,
2012/6/4,YRZ,0.5,9.37415,83.13,9.503,7.5,4.32,1.1,0.041,0.012,0.008,,0.016,0.221,0.14,2.76,,0.605
2012/6/12,YRZ,0.5,,,,,3.66,0.5,0.026,,0.011,,0.01,0.089,,,,
2012/6/19,YRZ,0.5,,,,7.8,3.74,0.5,0.083,0.009,0.005,1.42,0.011,0.042,0.14,2.74,,
2012/6/20,YRZ,0.5,,,,,5.28,,,,,,,,,,,
2012/6/26,YRZ,0.5,12.1647,91.515,9.804,7.4,5.09,0.5,0.028,0.019,0.008,,0.018,0.261,0.19,3,,0.525
2012/7/3,YRZ,0.5,,,,,5.29,0.4,0.029,,0.014,,0.02,0.176,,,,
2012/7/10,YRZ,0.5,14.2372,88.96,9.097,7.7,4.08,0.4,0.029,0.009,0.006,0.569,0.02,0.22,0.14,2.88,,0.4
2012/7/24,YRZ,0.5,12.15585,91.36,9.789,7.5,5.96,0.4,0.041,0.022,0.004,,0.026,0.26,0.11,3.19,,0.7
2012/7/31,YRZ,0.5,,,,7.8,6.07,0.4,0.026,0.014,0.006,0.583,0.016,0.178,0.43,3,,
2012/8/7,YRZ,0.5,,,,7.7,5.57,1.3,0.029,0.023,0.003,,0.019,0.09,0.2,2.81,,
2012/8/14,YRZ,0.5,,,,,3.66,1,0.063,,0.021,,0.034,0.146,,,,
2012/8/21,YRZ,0.5,16.5778,86.29,8.3905,7.7,3.87,0.4,0.021,0.006,0.006,,0.03,0.312,0.14,1.52,,0.58
2012/8/22,YRZ,0.5,,,,,5.57,,,,,,,,,,,
2012/8/28,YRZ,0.5,,,,,4.15,0.5,0.019,,0.003,,0.01,0.042,,,,
2012/9/5,YRZ,0.5,11.6483,84.795,9.19,7.7,3.24,0.4,0.017,0.009,0.006,0.454,0.02,0.042,0.08,1.71,,0.535
2012/9/11,YRZ,0.5,,,,,2.98,0.4,0.015,,0.014,,0.014,0.042,,,,
2012/9/18,YRZ,0.5,9.7811,88.565,10.0265,7.7,3.04,0.4,0.2,0.006,0.003,,0.01,0.042,0.31,2.65,,0.45
2012/9/25,YRZ,0.5,,,,,2.8,0.4,0.018,,0.013,,0.01,0.042,,,,
2012/10/1,YRZ,0.5,5.49635,85.67,10.7745,7.7,3.31,0.3,0.016,0.005,0.005,,0.03,0.042,0.38,3,,0.5
2012/10/9,YRZ,0.5,,,,,4.18,0.5,0.016,,0.005,,0.011,0.361,,,,
2012/10/16,YRZ,0.5,6.39,86.64,10.654,7.3,4.85,0.7,0.021,0.013,0.005,,0.014,0.41,0.25,3.24,,0.895
2012/10/22,YRZ,0.5,,,,,3.72,0.4,0.018,,0.003,,0.01,0.291,,,,
2012/10/29,YRZ,0.5,0.13645,87.5,12.7125,7.4,3.08,0.7,0.02,0.013,0.007,,0.01,0.245,0.06,3.18,,0.38
2012/11/6,YRZ,0.5,,,,,4.44,0.7,0.21,,0.003,,0.01,0.492,,,,
2012/11/12,YRZ,0.5,5.28285,78.56,9.9395,7.5,5.64,0.7,0.026,0.009,0.009,1.08,0.012,0.773,0.2,3.53,,0.725
2012/11/20,YRZ,0.5,,,,,3.15,0.4,0.017,,0.003,,0.01,0.618,,,,
2012/11/27,YRZ,0.5,4.5097,86.97,11.222,7.6,3.2,0.5,0.02,0.012,0.005,,0.021,0.466,0.28,3.47,,0.735
2012/12/4,YRZ,0.5,,,,,2.67,0.5,0.017,,0.004,,0.01,0.717,,,,
2012/12/10,YRZ,0.5,0.0426,86.035,12.5305,7.4,2.67,0.6,0.014,0.009,0.004,,0.015,0.649,0.1,3.53,,0.65
2012/12/17,YRZ,0.5,,,,,5.05,1.2,0.038,,0.008,,0.015,1.37,,,,
2013/1/9,YRZ,0.5,4.84845,85.895,10.988,7.2,3.34,0.4,0.016,0.008,0.003,1.18,0.013,0.609,0.22,3.68,,0.405
2013/1/15,YRZ,0.5,,,,,2.65,0.3,0.011,,0.003,,0.014,1.09,,,,
2013/1/23,YRZ,0.5,0.00725,80.78,11.7775,7.3,2.34,0.3,0.011,0.007,0.003,,0.016,0.777,0.09,3.85,,0.3
2013/1/31,YRZ,0.5,,,,,4.77,0.9,0.033,,0.004,,0.01,1.15,,,,
2013/2/6,YRZ,0.5,0.5534,71.82,10.312,7.1,2.97,0.4,0.012,0.006,0.004,,0.024,0.926,0.07,3.37,,0.3
2013/2/12,YRZ,0.5,,,,,2.4,0.6,0.014,,0.003,,0.017,1.02,,,,
2013/2/19,YRZ,0.5,0.69615,76.81,10.9855,7.3,2.7,0.3,0.009,0.006,0.003,,0.01,0.764,0.13,3.64,,0.3
2013/2/26,YRZ,0.5,,,,,3.32,0.4,0.01,,0.003,,0.025,0.756,,,,
2013/3/5,YRZ,0.5,0.0114,80.82,11.782,7.5,2.58,0.3,0.009,0.009,0.003,1.1,0.022,0.776,0.07,3.67,,0.315
2013/3/13,YRZ,0.5,,,,,2.65,0.3,0.006,,0.004,,0.007,0.94,,,,
2013/3/19,YRZ,0.5,0.09515,74.535,10.843,7.8,2.38,0.4,0.01,0.007,0.003,,0.01,0.762,0.1,3.16,,0.535
2013/3/26,YRZ,0.5,,,,,2.6,0.6,0.009,,0.004,,0.013,0.711,,,,
2013/4/3,YRZ,0.5,0.0263,80.61,11.748,7.7,2.81,0.5,0.009,0.006,0.003,,0.01,0.626,0.08,3.13,,0.595
2013/4/15,YRZ,0.5,4.22705,98.6,12.8175,,,,,,,,,,,,,
2013/4/29,YRZ,0.5,6.7657,94.67,11.535,,,,,,,,,,,,,0.985
2013/5/14,YRZ,0.5,8.7316,103.425,12.004,7.9,5.37,1,0.027,0.011,0.004,0.855,0.06,0.642,0.15,1.97,,1.595
2013/5/28,YRZ,0.5,7.44355,89.42,10.7135,7.3,4.38,1,0.023,0.007,0.003,,0.013,0.727,0.45,3.06,,
2013/6/11,YRZ,0.5,10.98565,89.56,9.857,7.6,4.85,0.9,0.024,0.009,0.005,,0.036,0.49,0.16,2.73,,
2013/6/25,YRZ,0.5,12.8914,85.135,8.9715,,,,,,,,,,,,,0.635
2013/7/9,YRZ,0.5,13.91495,87.16,8.9765,7.8,3.63,0.5,0.028,0.022,0.006,0.976,0.057,0.425,0.1,3.24,,0.505
2013/7/23,YRZ,0.5,14.9292,81.81,8.2405,,,,,,,,,,,,,0.475
2013/8/6,YRZ,0.5,16.5252,85.92,8.364,7.8,3.81,1,0.043,0.017,0.003,,0.01,0.202,0.38,1.33,,0.6
2013/8/20,YRZ,0.5,13.262,93.595,9.781,7.9,3.83,0.6,0.026,0.018,0.015,,0.028,0.195,0.32,2.16,,0.695
2013/9/3,YRZ,0.5,12.57745,86.15,9.14,8,2.91,0.4,0.014,0.007,0.003,0.554,0.034,0.176,0.11,1.69,,0.58
2013/9/17,YRZ,0.5,8.6048,95.635,11.1345,,,,,,,,,,,,,0.515
2013/9/30,YRZ,0.5,5.7992,80.69,10.0715,7.6,3.19,0.3,0.012,0.006,0.003,,0.042,0.167,0.2,2.57,,0.445
2013/10/15,YRZ,0.5,7.3152,90.74,10.9065,,,,,,,,,,,,,0.805
2013/10/28,YRZ,0.5,10.01485,89.72,10.101,7.3,5.87,0.9,0.031,0.008,0.004,1.26,0.066,0.464,0.28,3.68,,0.905
2013/11/12,YRZ,0.5,4.6698,93.06,11.96,,,,,,,,,,,,,0.42
2013/11/26,YRZ,0.5,1.5263,92.8,12.97,7.2,3.13,0.6,0.012,0.009,0.009,,0.064,0.996,0.3,3.87,,0.305
2013/12/10,YRZ,0.5,3.9877,81.19,10.6215,7.1,3.73,0.8,0.02,0.009,0.005,,0.053,0.969,0.26,3.46,,0.725
2014/1/7,YRZ,0.5,4.2305,81.885,10.6455,7.4,3.81,2.7,0.064,0.009,0.007,,0.011,0.642,0.36,3.72,,0.78
2014/1/21,YRZ,0.5,1.4075,77.45,10.8605,7.2,2.16,0.6,0.017,0.009,0.007,1.58,0.03,0.042,0.2,4,,0.635
2014/2/4,YRZ,0.5,1.1677,83.835,11.835,7.6,2.38,0.5,0.009,0.006,0.004,,0.023,0.717,0.58,3.89,,0.455
2014/2/5,YRZ,0.5,,,,,2.17,,,,,,,,,,,
2014/2/18,YRZ,0.5,1.70965,73.295,10.1925,7.4,2.11,0.6,0.014,0.006,0.004,,0.014,1.03,0.64,3.56,,0.415
2014/3/4,YRZ,0.5,2.38245,75.01,10.246,7.5,2.36,0.7,0.013,0.006,0.004,1.2,0.022,0.742,0.69,3.19,,0.415
2014/3/18,YRZ,0.5,5.54785,103.29,12.977,7.8,2.41,0.6,0.017,0.009,0.003,,0.018,0.524,0.31,3.36,,0.61
2014/4/1,YRZ,0.5,5.6665,92.68,11.6095,7.7,2.2,0.6,0.018,0.006,0.003,,0.015,0.423,0.5,2.45,,0.565
2014/4/15,YRZ,0.5,5.32315,89.45,11.302,7.6,4.18,1.7,0.05,0.006,0.003,,0.01,0.301,0.63,2.77,,2.795
2014/4/23,YRZ,0.5,7.88965,98.805,11.705,,,,,,,,,,,,,0.99
2014/4/28,YRZ,0.5,9.2514,80.305,9.21,7,7.76,1,0.07,0.032,0.014,,0.01,0.933,0.36,2.56,,1.48
2014/5/13,YRZ,0.5,8.57385,88.555,10.3195,7.3,4.72,1,0.03,0.009,0.003,0.867,0.014,0.426,0.53,3.19,,0.805
2014/5/26,YRZ,0.5,11.2474,92.135,10.0805,7.4,5.31,0.9,0.03,0.006,0.003,,0.018,0.275,0.88,2.46,,0.535
2014/6/11,YRZ,0.5,17.0739,98.32,9.4635,,,,,,,,,,,,,0.595
2014/6/24,YRZ,0.5,10.949,85.07,9.3715,7.6,3.21,0.6,0.025,,,,0.052,0.355,0.64,3.23,,0.5
2014/7/8,YRZ,0.5,15.3588,80.655,8.051,7.4,5.54,1.8,0.07,0.015,0.007,0.95,0.032,0.392,0.9,2.89,,0.925
2014/7/23,YRZ,0.5,16.52825,80.435,7.829,,,,,,,,,,,,,0.5
2014/8/5,YRZ,0.5,14.9621,90.585,9.12,7.4,7.98,0.8,0.04,0.015,0.005,,0.032,0.452,1.04,3.75,,0.885
2014/8/19,YRZ,0.5,11.9161,91.46,9.8515,7.8,6.26,0.6,0.062,0.006,0.003,,0.01,0.306,0.36,2.85,,0.965
2014/9/2,YRZ,0.5,12.4797,103.02,10.9565,,,,,,,,,,,,,1.075
2014/9/16,YRZ,0.5,12.52655,81.535,8.663,7.7,4.99,0.4,0.02,0.009,0.004,0.924,0.01,0.366,0.59,3.27,,0.735
2014/9/29,YRZ,0.5,9.0276,83.81,9.6585,7.6,4.23,0.5,0.017,0.006,0.004,,0.027,0.786,0.49,3.51,,0.51
2014/10/13,YRZ,0.5,10.43625,83.035,9.255,7.5,5.38,0.8,0.024,0.006,0.003,,0.028,0.498,0.2,3.82,,0.705
2014/10/28,YRZ,0.5,6.93175,93.64,11.3605,,,,,,,,,,,,,
2014/11/11,YRZ,0.5,5.4351,83.05,10.4635,7.7,3.58,0.5,0.023,0.019,0.01,1.26,0.01,0.699,0.11,3.88,,0.4
2014/11/24,YRZ,0.5,5.16445,83.74,10.626,7.5,4.2,0.8,0.025,0.009,0.008,,0.024,0.466,0.23,3.9,,0.4
2014/12/15,YRZ,0.5,1.76965,84.285,11.7,7.4,3.28,1.1,0.03,0.006,0.005,,0.033,1.01,0.47,3.87,,0.605
2015/1/7,YRZ,0.5,1.77545,79.425,11.0255,7.3,2.68,0.6,0.011,0.006,0.005,,0.023,3.78,0.26,4.12,,0.3
2015/1/14,YRZ,0.5,4.14335,85.015,11.079,7.1,2.77,0.3,0.015,0.009,0.005,1.57,0.015,1.02,0.2,3.48,,0.305
2015/1/20,YRZ,0.5,1.89585,76.77,10.623,7.2,2.18,0.4,0.011,0.006,0.003,,0.027,1.09,0.24,3.87,,0.255
2015/2/3,YRZ,0.5,0.603,72.32,10.372,7.3,2.04,0.5,0.009,0.006,0.005,,0.029,0.793,0.27,3.81,,0.21
2015/2/17,YRZ,0.5,0.00455,64.885,9.4605,7.4,2.06,0.3,0.009,0.006,0.005,,0.033,0.903,0.14,4.04,,0.3
2015/3/3,YRZ,0.5,0.553,76.68,11.009,7.5,2.27,0.4,0.013,0.007,0.005,1.29,0.045,0.892,0.18,3.56,,0.315
2015/3/17,YRZ,0.5,,,,7.6,2.58,0.6,0.013,0.006,0.003,,0.014,0.899,0.14,3.54,,
2015/3/31,YRZ,0.5,,,,7,3.15,1.5,0.035,0.007,0.004,,0.01,1.27,0.27,3.06,,
2015/4/14,YRZ,0.5,4.26985,98.19,12.752,7.3,2.15,0.5,0.011,0.006,0.003,,0.027,1.24,0.1,2.76,,0.455
2015/4/27,YRZ,0.5,9.41555,93.715,10.704,7.3,3.69,0.6,0.021,0.006,0.003,,0.025,0.573,0.11,1.03,,4.69
2015/5/11,YRZ,0.5,9.1143,101.07,11.627,7.5,3.65,0.8,0.019,0.006,0.003,0.937,0.057,0.411,0.09,0.77,,0.965
2015/5/26,YRZ,0.5,9.67525,80.01,9.081,7.7,3.09,0.6,0.032,0.013,0.008,,0.021,0.548,0.1,2.45,,0.585
2015/6/9,YRZ,0.5,11.30675,95.355,10.417,7.7,3.04,0.7,0.036,0.012,0.006,,0.104,0.412,0.2,3.06,,0.505
2015/6/23,YRZ,0.5,10.85655,85.295,9.416,7.6,4.04,1.9,0.06,0.017,0.007,,0.165,0.459,0.28,3.22,,0.7
2015/7/7,YRZ,0.5,15.40975,85.32,8.505,7.9,5.14,0.8,0.041,0.023,0.005,1.15,0.096,0.469,0.19,3.01,,0.745
2015/7/21,YRZ,0.5,17.53415,89.665,8.5455,7.6,5.01,0.8,0.039,0.021,0.005,,0.02,0.17,0.3,2.74,,0.805
2015/8/3,YRZ,0.5,12.5473,88.53,9.401,7.8,3.86,0.5,0.02,0.009,0.003,,0.037,0.05,0.2,0.96,,0.53
2015/8/18,YRZ,0.5,15.1093,82.04,8.231,7.6,6.19,4,0.092,0.016,0.005,,0.023,0.483,0.8,2.51,,1.545
2015/9/1,YRZ,0.5,15.42415,78.93,7.865,7.6,4.04,0.4,0.028,0.02,0.008,0.732,0.019,0.292,0.08,3.11,,0.645
2015/9/16,YRZ,0.5,10.10095,83.565,9.3885,7.4,4.96,0.6,0.031,0.012,0.004,,0.034,0.3,0.12,3.32,,0.91
2015/9/28,YRZ,0.5,,,,7.5,3.8,0.4,0.021,0.011,0.003,,0.022,0.245,0.26,3.4,,
2015/10/14,YRZ,0.5,2.82735,86.96,11.73,7.6,3.24,0.4,0.024,0.006,0.003,,0.026,0.219,0.11,3.55,,0.49
2015/10/26,YRZ,0.5,5.81215,88.415,11.032,7.4,3.67,0.3,0.016,0.008,0.006,,0.022,0.506,0.11,3.81,,0.405
2015/11/10,YRZ,0.5,8.9426,95.655,11.0455,7.4,3.53,0.7,0.017,0.011,0.003,0.677,0.042,0.237,0.26,3.76,,0.665
2015/11/23,YRZ,0.5,3.4826,76.325,10.122,7.3,4.05,0.5,0.018,0.014,0.004,,0.016,0.998,0.26,3.84,,0.4
2015/12/8,YRZ,0.5,4.6849,77.96,10.0145,7.1,3.42,0.4,0.017,0.012,0.004,1.29,0.018,0.953,0.47,3.83,,0.4
2016/1/12,YRZ,0.5,2.0503,103.81,14.301,7.3,3.95,1.7,0.04,0.016,0.005,1.3,0.013,0.813,0.41,3.47,,0.555
2016/1/26,YRZ,0.5,2.58225,86,11.679,7.2,3.09,0.6,0.012,0.006,0.003,1.58,0.016,1.11,0.22,3.33,,0.48
2016/2/9,YRZ,0.5,3.6719,97.64,12.8815,7.2,2.54,0.4,0.133,0.009,0.003,1.47,0.028,1.06,0.11,3.46,,0.3
2016/2/23,YRZ,0.5,3.3818,99.95,13.288,7.1,3.59,0.5,0.022,0.015,0.006,1.76,0.016,1.29,0.18,3.33,,0.4
2016/3/8,YRZ,0.5,0.7018,96.255,13.763,7.4,1.99,0.3,0.011,0.006,0.003,1.31,0.028,0.955,0.21,3.34,,0.3
2016/3/21,YRZ,0.5,3.52155,95.005,12.582,7.6,2.08,0.3,0.011,0.006,0.003,1.02,0.046,0.694,0.15,3.18,,0.3
2016/4/5,YRZ,0.5,,,,7.5,2.99,0.7,0.021,0.014,0.003,1.33,0.045,0.823,0.08,2.82,,
2016/4/19,YRZ,0.5,6.3292,86.09,10.605,7.5,2.99,0.6,0.021,0.008,0.004,0.932,0.01,0.506,0.1,2.9,,0.625
2016/5/2,YRZ,0.5,6.9953,107.29,12.9975,7.9,3.1,0.7,0.024,0.009,0.003,0.912,0.022,0.485,0.21,2.78,,0.23
2016/5/17,YRZ,0.5,8.2298,95.38,11.209,7.9,3.08,0.6,0.018,0.013,0.003,0.993,0.01,0.288,0.08,2.43,,0.51
2016/5/30,YRZ,0.5,14.3132,84.155,8.5915,7.8,5.5,1.2,0.047,0.017,0.003,0.913,0.01,0.316,0.21,2.81,,1.205
2016/6/14,YRZ,0.5,13.468,86.48,8.9965,7.7,4.49,0.7,0.034,0.019,0.005,0.784,0.01,0.316,0.12,3.24,,0.6
2016/6/28,YRZ,0.5,15.0105,87.79,8.8285,7.9,4.9,0.6,0.031,0.025,0.004,0.932,0.027,0.389,0.16,3.35,,0.26
2016/7/12,YRZ,0.5,16.1453,88.875,8.722,7.9,4.45,0.4,0.023,0.016,0.007,0.687,0.024,0.278,0.16,2.35,,0.375
2016/7/25,YRZ,0.5,16.98805,88.895,8.5705,,,,,,,,,,,,,0.425
2016/7/26,YRZ,0.5,,,,8,3.83,0.4,0.023,0.012,0.003,0.627,0.01,0.159,0.06,1.26,,
2016/8/9,YRZ,0.5,14.0436,88.265,9.0645,7.9,3.98,0.4,0.017,0.011,0.003,0.7,0.01,0.173,0.06,0.62,,0.5
2016/8/23,YRZ,0.5,13.62505,89.205,9.246,8.1,3.21,0.3,0.013,0.01,0.003,0.476,0.01,0.129,0.16,0.91,,0.37
2016/9/6,YRZ,0.5,13.39785,89.535,9.3285,7.8,3.43,0.4,0.016,0.013,0.003,0.583,0.01,0.161,0.08,1.92,,0.505
2016/9/20,YRZ,0.5,,,,7.7,3.32,0.4,0.018,0.01,0.003,0.907,0.01,0.302,0.38,2.98,,
2016/10/4,YRZ,0.5,,,,7.7,4.62,1.7,0.045,0.018,0.008,1.11,0.01,0.5,0.27,3.3,,
2016/10/18,YRZ,0.5,,,,7.7,3.58,0.6,0.016,0.008,0.003,0.749,0.01,0.37,0.31,3.41,,
2016/11/1,YRZ,0.5,,,,7.5,3.79,0.4,0.015,0.008,0.003,0.889,0.01,0.519,0.16,3.91,,
2016/11/14,YRZ,0.5,0.007,74.835,10.9105,7.4,3.03,0.3,0.015,0.008,0.004,0.953,0,0.69,0.28,3.93,,0.35
2016/11/29,YRZ,0.5,,,,7.4,3.82,0.4,0.014,0.011,0.006,1.08,0.037,0.96,0.11,3.09,,
2016/12/12,YRZ,0.5,,,,7.3,4.6,0.8,0.032,0.02,0.004,1.36,0.015,0.69,0.38,3.69,,
2017/1/10,YRZ,0.5,0.0769,69.42,10.1035,7.4,2.83,0.4,0.012,0.01,0.003,1.14,0.025,0.839,0.2,3.89,,0.805
2017/1/24,YRZ,0.5,,,,,,,,,,,,,,,,
2017/2/7,YRZ,0.5,0.40265,77.105,11.1185,7.2,2.78,0.4,0.015,0.009,0.003,1.44,0.011,1.11,0.16,3.85,,0.305
2017/2/21,YRZ,0.5,1.48835,75.49,10.5625,7,4.3,3.2,0.078,0.016,0.011,2.73,0.013,1.87,0.48,3.2,,0.89
2017/3/7,YRZ,0.5,3.8415,83.75,11.001,7.1,2.11,0.5,0.014,0.011,0.005,1.46,0.01,1.14,0.23,3.42,,0.345
2017/3/21,YRZ,0.5,6.13455,77.45,9.587,7.5,3.19,0.3,0.016,0.012,0.003,1.34,0.014,0.927,0.13,3.18,,0.41
2017/4/4,YRZ,0.5,,,,7.6,2.96,0.9,0.012,0.009,0.006,0.836,0.012,0.607,0.28,2.81,,
2017/4/18,YRZ,0.5,,,,7.7,3.31,0.5,0.017,0.014,0.005,0.811,0.01,0.506,0.3,2.32,,
2017/5/2,YRZ,0.5,,,,7.8,1.93,2.3,0.022,0.011,0.003,0.909,0.012,0.41,0.72,1.29,,
2017/5/15,YRZ,0.5,,,,7.6,5.99,1.6,0.044,0.01,0.003,1.19,0.025,0.401,0.32,2.73,,
2017/5/30,YRZ,0.5,16.18625,93.555,9.175,7.7,3.8,1,0.038,0.012,0.006,1.06,0.021,0.321,0.31,2.62,,1.13
2017/6/13,YRZ,0.5,13.39765,88.96,9.2695,7.8,4.01,0.8,0.038,0.024,0.005,0.983,0.012,0.413,0.45,3.39,,0.5
2017/6/27,YRZ,0.5,13.01455,104.1,10.936,7.9,3.6,0.6,0.032,0.019,0.006,0.883,0.01,0.396,0.24,3,,0.5
2017/7/10,YRZ,0.5,16.01395,88.775,8.736,7.7,4.48,0.6,0.033,0.019,0.006,1.03,0.023,0.497,0.32,2.37,,0.695
2017/7/25,YRZ,0.5,13.6735,72.83,7.5435,7,12.3,2.5,0.122,0.062,0.032,1.73,0.01,0.446,0.46,3.05,,1.695
2017/8/8,YRZ,0.5,12.8429,94.345,9.955,7.8,5.25,0.5,0.024,0.01,0.008,0.916,0.023,0.463,0.12,4.01,,0.37
2017/8/22,YRZ,0.5,,,,7.6,7.19,0.732,0.027,0.011,0.005,0.914,0.014,0.395,0.188,3.79,,
2017/9/5,YRZ,0.5,,,,7.9,4.28,0.5,0.019,0.014,0.005,0.795,0.01,0.453,0.45,3.07,,
2017/9/18,YRZ,0.5,7.35315,89.135,10.7025,7.6,5.07,0.5,0.021,0.014,0.009,0.671,0.019,0.372,0.19,3.76,,
2017/10/4,YRZ,0.5,10.1145,96.745,10.8665,7.5,7.95,0.9,0.033,0.014,0.014,0.799,0.01,0.218,0.28,3.89,,1.005
2017/10/17,YRZ,0.5,9.42975,93.42,10.665,7.5,4.96,0.1,0.019,0.009,0.003,1.02,0.01,0.556,0.35,4.03,,0.54
2017/11/1,YRZ,0.5,7.16615,88.715,10.702,7.4,4.82,0.73,0.021,0.008,0.004,1.09,0.01,0.599,0.7,3.97,,0.675
2017/11/13,YRZ,0.5,4.61485,84.015,10.8145,7.4,4.43,0.81,0.024,0.01,0.005,1.54,0.01,0.966,0.11,3.94,,0.71
2017/11/28,YRZ,0.5,3.29945,91.265,12.1595,7.3,4.93,1.4,0.033,0.012,0.008,1.56,0.016,0.991,0.15,3.61,,0.61
2017/12/12,YRZ,0.5,2.5741,86.39,11.736,7.3,3.18,0.17,0.016,0.008,0.007,1.46,0.01,1.05,0.08,3.29,,0.41
2018/1/9,YRZ,0.5,2.25305,84.685,11.605,7.2,2.06,0.37,0.012,0.006,0.005,1.53,0.011,1.14,0.37,3.53,,0.3
2018/1/24,YRZ,0.5,,,,7.8,3.03,0.96,0.027,0.006,0.006,1.23,0.047,0.819,0.12,3.05,,
2018/2/6,YRZ,0.5,,,,7.2,1.69,0.4,0.013,0.006,0.003,1.48,0.022,1.12,0.04,3.65,,
2018/2/20,YRZ,0.5,-0.00205,97.795,14.263,7.2,1.54,0.28,0.009,0.006,0.003,1.28,0.018,0.952,0.04,4.14,,0.2
2018/3/6,YRZ,0.5,,,,,,,,,,,,,,,,
2018/3/20,YRZ,0.5,,,,7,1.78,0.36,0.012,0.007,0.003,1.21,0.028,1.06,0.08,3.81,,
2018/4/3,YRZ,0.5,4.7197,100.02,12.8385,7.1,2.08,1.2,0.024,0.011,0.005,1.3,0.019,0.943,0.24,3.34,,0.355
2018/4/17,YRZ,0.5,7.9938,70.555,8.342,7.2,3.64,0.92,0.025,0.008,0.003,1.48,0.01,0.741,0.12,3.18,,0.52
2018/5/2,YRZ,0.5,7.1287,102.54,12.3795,7.4,3.25,0.76,0.029,0.017,0.003,0.926,0.01,0.501,0.12,3.33,,0.455
2018/5/15,YRZ,0.5,,,,7.6,3.08,0.6,0.035,0.022,0.009,0.928,0.01,0.507,0.12,3.28,,
2018/5/29,YRZ,0.5,,,,7.5,3.43,0.88,0.028,0.011,0.003,1.02,0.01,0.505,0.16,3.5,,
2018/6/11,YRZ,0.5,,,,7.2,5.86,1.28,0.044,0.011,0.003,1.52,0.01,0.738,0.32,3.21,,
2018/6/26,YRZ,0.5,,,,7.9,3.18,0.72,0.023,0.012,0.004,0.741,0.01,0.311,0.12,2.77,,
2018/7/10,YRZ,0.5,,,,,,,,,,,,,,,,
2018/7/24,YRZ,0.5,,,,,4.49,0.64,0.028,0.007,0.004,1.05,0.01,0.413,0.12,2.1,,
2018/8/7,YRZ,0.5,,,,8.1,3.78,1.4,0.036,,0.003,0.685,0.01,0.119,0.64,0.74,,
2018/8/21,YRZ,0.5,,,,7.6,2.98,0.8,0.012,0.008,0.003,0.911,0.028,0.262,0.12,0.9,,
2018/9/4,YRZ,0.5,,,,7.7,2.29,0.44,0.015,0.007,0.003,0.971,0.03,0.314,0.08,1.52,,
2018/9/18,YRZ,0.5,,,,7.8,1.99,0.8,0.015,0.006,0.003,0.734,0.049,0.264,0.16,1.79,,
2018/10/2,YRZ,0.5,5.8582,93.365,11.6335,7.6,2.17,0.4,0.01,0.006,0.007,0.874,0.037,0.325,0.08,2.76,,0.45
2018/10/16,YRZ,0.5,7.23515,76.42,9.198,7.6,2.89,0.6,0.011,0.006,0.003,0.76,0.043,0.042,0.12,2.54,,0.345
2018/10/30,YRZ,0.5,5.0971,90.975,11.555,7.5,2.87,0.68,0.011,0.009,0.003,0.886,0.076,0.345,0.08,3.92,,0.525
2018/11/13,YRZ,0.5,8.18995,73.91,8.686,7.5,2.2,0.44,0.01,0.006,0.003,0.89,0.084,0.409,0.4,3.32,,0.77
2018/11/27,YRZ,0.5,1.7772,86.345,11.9735,7.5,1.82,0.32,0.009,0.006,0.004,1.01,0.064,0.507,0.52,4.11,,0.33
2018/12/12,YRZ,0.5,3.0585,91.67,12.289,7.1,3.53,0.4,0.012,0.007,0.003,2.17,0.01,1.64,0.2,3.87,,0.485
2019/1/9,YRZ,0.5,1.936,92.195,12.74,7.1,3.66,0.72,0.018,0.009,0.003,2.09,0.01,1.57,0.32,3.44,,0.405
2019/1/23,YRZ,0.5,0.0261,94.82,13.819,7.2,2.13,0.2,0.007,0.006,0.003,2.08,0.047,1.56,0.24,3.69,,0.2
2019/2/5,YRZ,0.5,0.7881,81.375,11.607,7.1,2.9,0.24,0.008,0.006,0.005,2,0.01,1.26,0.16,3.82,,0.305
2019/2/19,YRZ,0.5,2.0804,83.475,11.4935,7.2,2.78,0.2,0.006,0.006,0.003,1.64,0.064,1.36,0.44,3.79,,0.3
2019/3/5,YRZ,0.5,,,,7.2,2.92,0.32,0.009,0.006,0.003,1.17,0.07,0.848,0.2,3.53,,
2019/3/19,YRZ,0.5,3.1625,89.84,12.0155,7.1,3.02,0.32,0.01,0.007,0.004,1.85,0.112,1.41,0.28,3.27,,
2019/4/2,YRZ,0.5,2.9371,84.68,11.391,7.4,2.82,0.28,0.007,0.006,0.003,1.4,0.019,0.859,0.24,2.78,,0.485
2019/4/16,YRZ,0.5,3.1917,87.01,11.624,7.6,3.72,0.36,0.009,0.011,0.007,0.806,0.02,0.597,0.2,2.15,,0.455
2019/4/30,YRZ,0.5,,,,7.7,3.04,0.44,0.011,0.006,0.004,0.648,0.003,0.304,0.32,1.9,,
2019/5/14,YRZ,0.5,7.1366,90.425,10.9155,7.8,3.53,0.48,0.011,0.006,0.007,0.616,0.01,0.3,0.32,2.07,,0.76
2019/5/28,YRZ,0.5,12.2823,80.41,8.5915,7.9,3.53,0.68,0.019,0.01,0.006,0.72,0.012,0.287,0.24,2.6,,0.545
2019/6/12,YRZ,0.5,14.33155,92.59,9.45,7.7,7.21,3.28,0.116,0.011,0.007,1.67,0.047,0.595,0.88,2.8,,1.14
2019/6/25,YRZ,0.5,15.4417,85.425,8.511,8,3.93,0.56,0.038,0.015,0.009,0.729,0.017,0.268,0.56,2.95,,0.5
2019/7/9,YRZ,0.5,,,,8.7,4.36,2.16,0.016,0.006,0.004,0.554,0.011,0.042,0.6,1.49,,
2019/7/11,YRZ,0.5,,,,7.9,,,,,,,,,,,,
2019/7/23,YRZ,0.5,15.38925,75.315,7.5095,8.1,2.77,0.56,0.014,0.008,0.005,0.429,0.01,0.051,0.36,1.47,,0.84
2019/8/7,YRZ,0.5,15.6989,90.735,8.9895,8.1,3.16,0.44,0.014,0.009,0.006,0.396,0.01,0.042,0.56,1.42,,0.67
2019/8/20,YRZ,0.5,12.48945,82.93,8.8205,8.6,3.6,0.6,0.016,0.007,0.003,0.34,0.01,0.042,0.36,1.73,,1.28
2019/9/3,YRZ,0.5,,,,8.3,2.9,0.64,0.016,0.007,0.003,0.471,0.01,0.09,0.48,1.72,,
2019/9/17,YRZ,0.5,8.98775,77.005,8.8815,8,2.69,0.56,0.027,0.01,0.006,0.91,0.014,0.216,0.48,2.43,,0.86
2019/10/1,YRZ,0.5,11.4325,89.905,9.79,7.7,5.75,1.04,0.046,0.018,0.012,2.37,0.01,1.57,0.52,3.76,,1.8
2019/10/15,YRZ,0.5,9.9215,85.405,9.6345,7.6,4.61,0.44,,0.007,0.005,1.17,0.027,0.64,0.48,4.03,,0.5
2019/10/17,YRZ,0.5,10.49775,90.455,10.0665,7.4,,,,,,,,,,,,0.76
2019/10/29,YRZ,0.5,5.5114,81.98,10.3085,7.6,3.67,0.32,0.014,0.01,0.003,1.01,0.01,0.395,0.68,4.03,,0.49
2019/11/26,YRZ,0.5,,,,7.3,3.2,0.28,0.008,0.006,0.003,1.14,0.006,0.633,0.52,3.6,,
2019/12/10,YRZ,0.5,,,,7.3,4.44,0.84,0.024,0.019,0.006,1.66,0.019,1.11,0.76,4.14,,
2020/1/14,YRZ,0.5,3.7765,91.34,12.0175,7.3,3.01,0.4,0.013,0.008,0.008,1.92,0.01,1.34,0.4,4.14,,0.325
2020/1/28,YRZ,0.5,2.20185,94.445,12.9615,7.2,4.51,1.72,0.05,0.016,0.005,1.79,0.021,1.01,0.96,3.71,,0.53
2020/2/25,YRZ,0.5,5.037501743,88.92421469,11.30845954,7.2,3.64,0.44,0.019,0.014,0.009,1.79,0.04,1.45,0.44,3.39,,1.947899238
2020/3/10,YRZ,0.5,3.873339845,92.49266778,12.12402769,7.2,3.01,1.12,0.034,0.012,0.005,1.5,0.016,1.06,0.6,3.29,,7.91393128
2020/3/24,YRZ,0.5,1.213847355,97.59465257,13.74527129,7.2,3.6,0.44,0.013,0.008,0.004,1.21,0.012,0.937,0.52,3.76,,1.412173475
2020/4/7,YRZ,0.5,5.52241363,100.9089989,12.67197188,7.5,2.46,0.72,0.016,0.01,0.002,0.991,0.01,0.684,0.72,3.61,,1.396029665
2020/4/21,YRZ,0.5,6.55295867,97.28251001,11.90113052,7.7,3.5,0.96,0.022,0.01,0.005,0.859,0.03,0.507,0.12,3.28,,
2020/5/5,YRZ,0.5,6.284101865,94.5533966,11.6453375,7.7,3.7,0.72,0.027,0.014,0.007,0.759,0.022,0.361,0.48,3.31,,1.840716555
2020/5/19,YRZ,0.5,10.06133729,95.15863761,10.68861582,7.6,2.68,1.72,0.022,0.012,0.004,0.675,0.022,0.299,1.16,2.15,,1.418396005
2020/6/3,YRZ,0.5,12.35529327,94.50241395,10.06680322,7.6,2.84,0.6,0.027,0.008,0.005,0.566,0.029,0.281,0.56,2.72,,1.976672365
2020/6/16,YRZ,0.5,15.54320984,95.50494957,9.484700147,7.9,7.24,1.64,0.056,0.015,0.004,1.21,0.016,0.317,0.68,3.31,,8.6524353
2020/6/30,YRZ,0.5,13.24415894,98.87833519,10.32505591,8.1,4.43,0.56,0.032,0.025,0.008,0.91,0.009,0.352,0.72,5.25,,1.90240478
2020/7/14,YRZ,0.5,13.35195313,108.027689,11.2531981,8.4,4.76,0.52,0.027,0.013,0.01,0.599,0.014,0.154,0.28,3.38,,1.66852417
2020/7/28,YRZ,0.5,16.74723054,108.8002922,10.53142344,8.6,3.45,0.75,0.023,0.015,0.03,0.661,0.052,0.382,0.3,2.51,,2.300424195
2020/8/11,YRZ,0.5,16.50466765,91.18234215,8.870803272,8.9,3.57,0.52,0.019,0.008,0.004,0.164,0.042,0.042,0.44,4.79,,2.108697515
2020/8/25,YRZ,0.5,12.38547973,96.46850319,10.26856284,8.6,3.14,0.72,0.015,0.006,0.007,0.256,0.038,0.042,0.28,4.91,,1.92348328
2020/9/8,YRZ,0.5,10.23344421,101.7740109,11.38422046,8.4,3.94,0.52,0.015,0.011,0.006,0.286,0.058,0.042,0.4,1.66,,1.715750115
2020/9/22,YRZ,0.5,8.528129575,88.20678101,10.27553799,8.7,2.84,0.32,0.01,0.006,0.003,0.396,0.043,0.068,0.12,1.38,,1.66396484
2020/10/6,YRZ,0.5,,,,8.1,3.39,0.56,0.016,0.007,0.003,0.397,0.014,0.106,0.08,2.4,,
2020/10/19,YRZ,0.5,7.91696929,92.34854851,10.92159746,7.7,7.12,0.72,0.019,0.008,0.007,1.83,0.03,1.29,0.2,4.24,,2.58204651
2020/11/3,YRZ,0.5,10.28272247,91.38845368,10.21315928,7.5,8.13,0.92,0.025,,0.004,1.57,0.01,0.969,0.16,4.24,,3.683261115
2020/11/17,YRZ,0.5,7.12471772,97.08168144,11.70835161,7.4,5.37,0.56,0.02,0.015,0.009,1.14,0.025,0.602,0.12,4.1,,2.481820675
2020/12/1,YRZ,0.5,2.087341305,89.54249917,12.31029028,7.6,4.32,0.56,0.019,0.011,0.006,1.03,0.028,0.661,0.28,4.08,,2.13281556
2020/12/15,YRZ,0.5,3.21784667,90.6389679,12.08699282,7.5,4.23,0.44,0.018,0.008,0.003,1,0.018,0.622,0.12,3.94,,2.004742435
2021/1/12,YRZ,0.5,,,,7.6,4.14,0.48,0.015,0.008,0.004,1.4,0.026,1.05,0.12,4.44,,
2021/1/26,YRZ,0.5,1.042834465,92.65191002,13.10969907,7.4,3.77,0.92,0.018,0.007,0.004,2.45,0.035,1.88,0.2,5.34,,1.68634338
2021/2/23,YRZ,0.5,2.4260254,96.66457062,13.16919937,7.4,3.53,0.68,0.016,0.006,0.008,2.4,0.025,1.77,0.2,3.94,,1.610852055
2021/3/9,YRZ,0.5,1.98515473,99.08841286,13.66213169,7.5,3.21,0.48,0.013,0.007,0.003,1.8,0.022,1.37,0.2,2.77,,1.39417115
2021/3/23,YRZ,0.5,3.880972275,97.66873856,12.79908052,7.4,2.95,0.4,0.01,0.008,0.004,1.88,0.017,1.56,0.08,2.35,,1.75494691
2021/4/14,YRZ,0.5,3.400143425,97.17121049,12.89637627,7.4,4.27,0.72,0.017,0.009,0.003,1.62,0.013,1.12,0.28,3.03,,2.242178355
2021/4/20,YRZ,0.5,5.982273865,98.7698494,12.25877314,7.6,3.92,0.84,0.017,0.01,0.004,1.46,0.01,1.04,0.2,3.15,,1.424810795
2021/5/4,YRZ,0.5,6.71836243,96.78484344,11.79133203,7.4,3.82,0.84,0.024,0.011,0.004,1.02,0.016,0.669,0.24,3.17,,2.05670777
2021/5/18,YRZ,0.5,10.90259705,99.88631211,11.00164834,6.7,7.44,1.88,0.024,0.011,0.006,1.08,0.02,0.434,0.32,2.92,,3.485070805
2021/6/1,YRZ,0.5,10.90909271,101.9978451,11.23292563,7.3,5.82,1.36,0.04,0.031,0.008,1.27,0.013,0.679,0.36,3.21,,0.95415344
2021/6/15,YRZ,0.5,13.70059662,95.17934305,9.840279101,7.1,6.23,1.24,0.035,0.022,0.008,1.64,0.013,1.07,0.28,3.43,,0.246136475
2021/6/29,YRZ,0.5,15.63136749,94.250552,9.343038037,7.8,7.68,1.32,0.048,0.017,0.005,1.18,0.025,0.531,0.32,4.9,,4.67775574
2021/7/13,YRZ,0.5,,,,8.2,8.59,0.72,0.038,0.036,0.012,1.32,0.033,0.556,0.16,4.14,,
2021/7/27,YRZ,0.5,15.66848297,101.414135,10.04476938,7.6,6.19,1,0.035,0.015,0.012,1.17,0.025,0.609,0.44,4.28,,3.246273805
2021/8/10,YRZ,0.5,12.30723573,102.1399544,10.89311973,8.4,6.27,0.92,0.027,0.022,0.01,0.971,0.01,0.357,0.28,3.74,,3.851693725
2021/8/24,YRZ,0.5,12.52530669,101.3935639,10.75982866,7.9,5.23,0.6,0.026,0.017,0.007,0.89,0.011,0.435,0.24,3.23,,2.91054382
2021/9/7,YRZ,0.5,12.35939942,102.7282989,10.94402568,8,5.7,1.28,0.029,0.016,0.004,1.53,0.017,0.97,0.48,4.36,,2.921270755
2021/9/21,YRZ,0.5,10.1588913,103.5872318,11.60919106,7.5,6.2,0.76,0.03,0.016,0.008,1.09,0.048,0.823,0.28,4.01,,3.165603635
2021/10/5,YRZ,0.5,10.45539704,92.63622094,10.31029111,7.7,5.81,2.2,0.073,0.026,0.017,1.14,0.023,0.52,0.28,3.2,,3.63934632
2021/10/19,YRZ,0.5,7.01689148,99.91952211,12.08150122,7.6,3.84,0.36,0.018,0.011,0.005,0.911,0.018,0.503,0.28,4.32,,2.21792603
2021/11/2,YRZ,0.5,6.89308625,96.45966453,11.69924004,7.3,4.29,0.44,0.016,0.01,0.005,0.874,0.026,0.433,0.4,4.27,,2.18430786
2021/11/16,YRZ,0.5,4.46595917,100.342234,12.94779858,7.3,3.53,0.56,0.022,0.012,0.008,1.24,0.04,0.794,0.24,4.78,,2.182870485
2021/11/30,YRZ,0.5,0.868487555,98.59325905,14.01603418,7.5,3.31,0.56,0.019,0.013,0.006,1.11,0.057,0.72,0.28,4.41,,1.91734925
2021/12/14,YRZ,0.5,2.904035955,101.6454861,13.66977217,7.5,3.76,0.96,0.016,0.011,0.007,1.95,0.067,1.36,0.32,4.45,,2.1378601
2011/3/9,YHZ,0.5,3.65245,88.38,11.6665,,,,,,,,,,,,,0.01
2011/3/30,YHZ,0.5,6.2405,98.87,12.204,7.3,3.02,0.5,0.026,0.011,0.009,2.66,0.039,2.03,0.24,3.35,,0.245
2011/4/19,YHZ,0.5,10.28215,91.5,10.236,7.2,3.26,0.9,0.038,0.033,0.005,1.9,0.05,1.19,0.2,3.04,,0.93
2011/5/3,YHZ,0.5,7.643,80.345,9.5735,7.4,3.48,1.1,0.043,0.018,0.008,1.68,0.048,0.989,0.2,2.74,,0.91
2011/5/18,YHZ,0.5,14.18245,86.05,8.8075,7.5,3.95,0.8,0.046,0.021,0.008,1.4,0.053,0.794,0.1,2.36,,1.625
2011/5/30,YHZ,0.5,16.25835,58.2,5.6945,7.5,3.29,0.5,0.044,0.034,0.014,1.07,0.037,0.466,0.12,3.1,,1.3
2011/6/21,YHZ,0.5,14.7178,78.935,7.985,7.8,5.44,0.5,0.049,0.028,0.015,0.774,0.025,0.203,0.1,2.65,,0.995
2011/7/12,YHZ,0.5,16.599,85.935,8.349,7.7,4.33,0.6,0.057,0.034,0.021,1.69,0.035,0.755,0.2,2.74,,1.455
2011/7/26,YHZ,0.5,,,,7.8,4.16,0.7,0.049,0.024,0.018,0.676,0.031,0.134,0.2,3,,
2011/8/16,YHZ,0.5,15.28095,134.91,13.4815,8,6.34,3.6,0.174,0.033,0.017,2.5,0.01,0.27,1.4,4.46,,2.47
2011/8/30,YHZ,0.5,12.5409,87.965,9.3365,7.7,5.27,0.5,0.063,0.038,0.021,1.74,0.063,1.01,0.6,4.5,,1.03
2011/9/21,YHZ,0.5,10.90505,105.885,11.6705,8,5.36,0.4,0.041,0.025,0.017,1.79,0.038,1.5,0.1,5.36,,0.76
2011/10/5,YHZ,0.5,12.78945,78.825,8.3195,7.7,4.02,0.5,0.038,0.029,0.024,1.53,0.041,0.75,0.1,4.21,,0.655
2011/10/18,YHZ,0.5,6.5119,88.635,10.864,7.6,5.22,0.5,0.051,0.034,0.025,1.34,0.064,0.623,0.2,5.28,,0.83
2011/11/1,YHZ,0.5,6.64105,74.035,9.0415,7.6,3.84,0.4,0.067,0.028,0.019,1.59,0.228,0.753,0.86,3.99,,0.5
2011/11/15,YHZ,0.5,0.3422,75.08,10.8365,7.5,4.22,0.7,0.049,0.022,0.02,1.54,0.223,0.837,0.14,,,0.395
2011/11/29,YHZ,0.5,1.076,80.935,11.448,7.8,4.46,1.4,0.056,0.028,0.025,1.34,0.162,0.706,0.31,4.24,,0
2011/12/19,YHZ,0.5,1.78125,85.455,11.858,7.4,5.26,0.7,0.035,0.025,0.014,5.25,0.023,4.18,0.8,3.99,,0
2012/2/21,YHZ,0.5,,,,7.4,3.67,0.6,0.029,0.018,0.003,,0.034,2.87,0.13,3.62,,
2012/3/6,YHZ,0.5,2.8702,67.27,9.068,7.5,3.77,0.4,0.02,0.011,0.003,,0.018,3.16,0.1,3.03,,0.5
2012/3/19,YHZ,0.5,7.17845,94.65,11.413,7.4,4.08,0.6,0.028,0.011,0.007,2.8,0.169,2.16,0.31,3.15,,0.46
2012/4/3,YHZ,0.5,5.92745,88.555,11.017,7.5,4,0.3,0.033,0.012,0.008,,0.068,1.48,0.3,3,,0.51
2012/4/17,YHZ,0.5,5.05885,89.005,11.3215,7.6,4.53,0.7,0.039,0.01,0.007,,0.073,0.998,0.59,2.85,,0.395
2012/4/24,YHZ,0.5,,,,,4.35,0.8,0.039,,0.013,,0.029,0.609,,,,
2012/5/2,YHZ,0.5,15.7329,91.92,9.0995,7.6,3.27,0.5,0.058,0.031,0.023,,0.11,0.659,0.2,1.67,,1.645
2012/5/8,YHZ,0.5,,,,,4.97,1,0.053,,0.014,,0.033,0.494,,,,
2012/5/14,YHZ,0.5,10.34415,85.11,9.5085,7.5,4.71,0.8,0.058,0.016,0.015,1.29,0.088,0.605,0.1,3.19,,0.8
2012/5/22,YHZ,0.5,,,,,4.65,0.8,0.081,,0.045,,0.184,0.597,,,,
2012/6/4,YHZ,0.5,10.15815,78.5,8.802,7.5,5.46,1.2,0.069,0.021,0.018,,0.064,0.388,0.23,3.28,,1.705
2012/6/12,YHZ,0.5,,,,,4.97,1,0.067,,0.032,,0.037,0.367,,,,
2012/6/18,YHZ,0.5,,,,7.6,4.86,0.9,0.083,0.045,0.034,1.31,0.121,0.497,0.19,3.93,,
2012/6/20,YHZ,0.5,,,,,6.22,,,,,,,,,,,
2012/6/26,YHZ,0.5,13.02685,92.345,9.699,7.3,5.76,1.4,0.064,0.033,0.016,,0.032,0.51,0.29,4.04,,4.325
2012/7/3,YHZ,0.5,,,,,6.14,0.8,0.059,,0.026,,0.044,0.454,,,,
2012/7/10,YHZ,0.5,16.26595,84.535,8.2735,7.5,5.23,0.7,0.063,0.025,0.018,1.01,0.046,0.378,0.21,4.18,,1.155
2012/7/24,YHZ,0.5,14.35655,86.17,8.7875,7.5,7.52,1,0.073,0.037,0.012,,0.036,0.378,0.6,4.13,,2.09
2012/7/30,YHZ,0.5,,,,7.7,7.06,0.1,0.057,0.022,0.017,1.09,0.041,0.306,0.1,4.4,,
2012/8/7,YHZ,0.5,,,,7.6,8.53,1.6,0.093,0.055,0.03,,0.033,0.042,0.32,5.33,,
2012/8/14,YHZ,0.5,,,,,7.11,0.4,0.016,,0.004,,0.012,0.042,,,,
2012/8/21,YHZ,0.5,18.049,76.84,7.246,7.6,7.03,0.6,0.062,0.03,0.028,,0.045,0.424,0.47,3.8,,0.66
2012/8/22,YHZ,0.5,,,,,9.34,,,,,,,,,,,
2012/8/28,YHZ,0.5,,,,,6.1,0.6,0.051,,0.024,,0.027,0.404,,,,
2012/9/5,YHZ,0.5,12.7598,78.92,8.337,7.6,5.93,0.5,0.059,0.027,0.025,1.89,0.479,0.589,0.15,4.31,,0.705
2012/9/11,YHZ,0.5,,,,,6.07,1.4,0.09,,0.045,,0.033,0.4,,,,
2012/9/18,YHZ,0.5,11.72255,85.305,9.2255,7.7,5.55,0.8,0.075,0.032,0.024,,0.028,0.351,0.23,4.52,,0.5
2012/9/25,YHZ,0.5,,,,,5.43,0.6,0.056,,0.026,,0.012,0.42,,,,
2012/10/1,YHZ,0.5,7.04735,85.99,10.3955,7.7,5.77,0.4,0.068,0.08,0.003,,0.032,0.385,0.29,4.34,,0.595
2012/10/9,YHZ,0.5,,,,,6.3,0.6,0.046,,0.01,,0.039,0.602,,,,
2012/10/16,YHZ,0.5,7.35645,90.135,10.8185,7.4,7.55,1,0.043,0.031,0.015,,0.022,0.438,0.34,4.12,,3.11
2012/10/22,YHZ,0.5,,,,,7.15,0.6,0.042,,0.01,,0.01,0.414,,,,
2012/10/29,YHZ,0.5,1.41225,87.785,12.303,7.4,5.55,1.1,0.038,0.03,0.014,,0.013,0.43,0.1,4.18,,0.6
2012/11/6,YHZ,0.5,,,,,7.01,2.1,0.05,,0.004,,0.01,0.443,,,,
2012/11/12,YHZ,0.5,5.26125,89.345,11.305,7.4,7.07,1.3,0.042,0.028,0.015,1.54,0.013,0.714,0.39,4,,10.12
2012/11/20,YHZ,0.5,,,,,6.54,1,0.029,,0.006,,0.04,1.19,,,,
2012/11/27,YHZ,0.5,5.13015,90.91,11.5415,7.6,5.72,0.7,0.026,0.01,0.008,,0.046,1.21,0.17,4.14,,1.02
2012/12/4,YHZ,0.5,,,,,5.74,0.9,0.027,,0.005,,0.047,1.23,,,,
2012/12/10,YHZ,0.5,0.02365,85.39,12.4385,7.4,5.39,1,0.025,0.017,0.008,,0.069,1.63,0.28,4.41,,4.52
2012/12/17,YHZ,0.5,,,,,6.87,1.9,0.068,,0.027,,0.039,3.14,,,,
2013/1/9,YHZ,0.5,4.98495,82.99,10.5765,7.2,4.86,0.5,0.024,0.017,0.005,4.85,0.02,3.54,0.54,4.07,,0.5
2013/1/15,YHZ,0.5,,,,,4.48,0.4,0.02,,0.004,,0.028,4.44,,,,
2013/1/23,YHZ,0.5,0.0747,81.51,11.86,7.2,3.89,0.5,0.019,0.013,0.003,,0.032,4.08,0.51,4.35,,0.4
2013/1/31,YHZ,0.5,,,,,5.71,0.8,0.044,,0.01,,0.024,3.55,,,,
2013/2/6,YHZ,0.5,0.66995,72.37,10.358,7,3.21,0.6,0.02,0.02,0.015,,0.334,2.69,0.08,3.93,,0.4
2013/2/12,YHZ,0.5,,,,,3.69,0.5,0.016,,0.003,,0.02,5,,,,
2013/2/19,YHZ,0.5,0.78865,80.745,11.5155,7.3,3.63,0.4,0.015,0.009,0.003,,0.016,4.07,0.12,3.91,,0.395
2013/2/26,YHZ,0.5,,,,,4.65,0.6,0.02,,0.004,,0.059,3.34,,,,
2013/3/5,YHZ,0.5,0.01365,80.345,11.7095,7.4,3.74,0.4,0.018,0.011,0.006,3.79,0.03,3.1,0.25,3.91,,0.4
2013/3/13,YHZ,0.5,,,,,5.52,0.7,0.019,,0.006,,0.03,3.77,,,,
2013/3/19,YHZ,0.5,0.448,73.855,10.6315,7.7,3.52,0.4,0.017,0.008,0.003,,0.016,3.79,0.15,3.6,,0.485
2013/3/26,YHZ,0.5,,,,,3.66,0.5,0.015,,0.004,,0.023,3.65,,,,
2013/4/3,YHZ,0.5,0.12,79.65,11.5735,7.6,4.11,0.5,0.016,0.011,0.004,,0.014,3.16,0.24,3.65,,0.5
2013/4/15,YHZ,0.5,8.72535,103.92,12.065,,,,,,,,,,,,,0.185
2013/4/29,YHZ,0.5,9.916,97.09,10.957,,,,,,,,,,,,,0.775
2013/5/14,YHZ,0.5,11.05195,101.55,11.1585,7.6,6.46,1.1,0.051,0.008,0.005,2.31,0.536,2.19,0.18,2.43,,1.79
2013/5/28,YHZ,0.5,9.5253,93.61,10.664,7.3,6.62,1.6,0.048,0.025,0.023,,0.037,3.36,0.2,3.19,,1
2013/6/11,YHZ,0.5,13.2441,83.305,8.709,7.4,5.88,1,0.038,0.013,0.003,,0.044,2.67,0.14,2.89,,1.23
2013/6/25,YHZ,0.5,13.58925,87.01,9.027,,,,,,,,,,,,,1.8
2013/7/9,YHZ,0.5,15.6745,85.25,8.449,7.5,5.84,0.9,0.071,0.036,0.027,2.07,0.082,1.16,0.23,3.71,,0.995
2013/7/23,YHZ,0.5,16.21855,75.42,7.3885,,,,,,,,,,,,,0.755
2013/8/6,YHZ,0.5,16.74665,76.45,7.4065,7.6,6.1,1.1,0.093,0.048,0.026,,0.01,0.497,0.93,4.01,,2.52
2013/8/20,YHZ,0.5,14.35435,92.755,9.459,7.7,5.96,1.5,0.095,0.048,0.031,,0.04,0.486,0.35,2.99,,2.5
2013/9/3,YHZ,0.5,12.8281,80.935,8.536,7.7,4.29,0.7,0.061,0.033,0.026,1.15,0.056,0.449,0.36,3.08,,0.79
2013/9/17,YHZ,0.5,8.99275,92.37,10.651,,,,,,,,,,,,,2.91
2013/9/30,YHZ,0.5,6.16415,74.25,9.177,7.4,5.65,0.5,0.041,0.019,0.003,,0.066,0.487,0.2,3.61,,1.425
2013/10/15,YHZ,0.5,8.34745,86.815,10.171,,,,,,,,,,,,,6.67
2013/10/28,YHZ,0.5,10.6471,83.805,9.2955,7.2,7.78,0.9,0.045,0.016,0.01,2.74,0.089,1.5,0.17,3.69,,2.5
2013/11/12,YHZ,0.5,5.47685,97.51,12.273,,,,,,,,,,,,,
2013/11/26,YHZ,0.5,2.2844,91.305,12.5,7.3,4.72,0.7,0.023,0.019,0.012,,0.102,5.6,0.19,4.05,,0.5
2013/12/10,YHZ,0.5,3.8235,94.235,12.381,7.1,4.32,0.7,0.023,0.014,0.009,,0.086,4.36,0.2,4.02,,0.5
2014/1/7,YHZ,0.5,3.8997,92.795,12.1665,7.4,4.42,1.4,0.044,0.012,0.01,,0.026,3.1,0.72,3.99,,0.89
2014/1/21,YHZ,0.5,1.49065,74.185,10.379,7.2,3.35,0.7,0.022,0.013,0.007,6.94,0.027,0.042,0.36,4.36,,0.605
2014/2/4,YHZ,0.5,1.6673,86.205,11.999,7.5,3.21,0.8,0.045,0.008,0.006,,0.039,4.06,0.31,4.38,,0.3
2014/2/18,YHZ,0.5,2.12705,73.78,10.143,7.4,3.79,0.8,0.023,0.006,0.004,,0.024,4.74,0.37,3.74,,0.665
2014/3/4,YHZ,0.5,3.47765,82.92,10.995,7.3,2.98,0.5,0.022,0.012,0.007,5.27,0.024,4.14,0.36,3.7,,0.5
2014/3/18,YHZ,0.5,6.66685,99.185,12.1125,7.7,3.01,0.7,0.031,0.019,0.008,,0.035,3.22,0.38,3.74,,1.505
2014/3/19,YHZ,0.5,,,,7.7,3.79,1,0.042,0.021,0.006,,0.03,2.8,0.4,3.66,,
2014/4/1,YHZ,0.5,6.72875,87.67,10.69,7.6,3.28,0.7,0.032,0.025,0.01,,0.024,2.24,0.88,3.2,,0.98
2014/4/15,YHZ,0.5,5.97565,88.62,11.012,7.7,4.77,1.2,0.05,0.03,0.012,,0.03,1.61,0.89,3.11,,2.095
2014/4/23,YHZ,0.5,11.0159,96.88,10.651,,,,,,,,,,,,,1.45
2014/4/28,YHZ,0.5,11.77175,89.14,9.6335,7.7,6.54,2.7,0.084,0.014,0.008,,0.043,1.05,0.75,2.94,,5.245
2014/5/13,YHZ,0.5,10.28255,77.78,8.6995,7.5,5.78,1.7,0.019,0.015,0.004,1.61,0.034,0.731,0.67,2.77,,4.405
2014/5/26,YHZ,0.5,13.7663,88.745,9.1705,7.5,6.07,2,0.08,0.013,0.007,,1.01,1.79,0.89,2.25,,4.085
2014/6/11,YHZ,0.5,16.71665,82.47,7.9955,,,,,,,,,,,,,2.52
2014/6/24,YHZ,0.5,12.2004,84.95,9.089,7.5,6.11,1.2,0.059,0.029,0.025,,0.069,1.76,0.82,3.21,,1.98
2014/7/8,YHZ,0.5,15.76905,72.065,7.128,7.4,8.47,4.3,0.193,0.028,0.022,2.17,0.039,0.747,1.2,2.96,,4.265
2014/7/23,YHZ,0.5,17.64805,75.835,7.2095,,,,,,,,,,,,,1.8
2014/8/5,YHZ,0.5,15.34775,87.025,8.6875,7.3,8.4,1.1,0.063,0.04,0.023,,0.035,4.68,0.38,4.2,,53.715
2014/8/19,YHZ,0.5,12.93575,85.99,9.0505,7.6,7.71,0.7,0.046,0.026,0.01,,0.012,2.86,0.86,3.72,,1.6
2014/9/2,YHZ,0.5,13.10765,84.73,8.8835,,,,,,,,,,,,,3.215
2014/9/16,YHZ,0.5,13.2942,83.615,8.7315,7.6,6.89,1,0.05,0.029,0.013,4.77,0.01,3.66,0.55,3.86,,1.715
2014/9/29,YHZ,0.5,10.78905,82.125,9.079,7.5,5.79,0.9,0.039,0.012,0.009,,0.038,3.38,0.5,3.66,,1.3
2014/10/13,YHZ,0.5,11.81025,79.12,8.5445,7.5,7.37,1.1,0.047,0.012,0.003,,0.041,2.18,0.17,3.6,,1.4
2014/10/28,YHZ,0.5,7.9531,85.32,10.0935,,,,,,,,,,,,,1.055
2014/11/11,YHZ,0.5,6.0512,80.31,9.96,7.6,5.17,1.1,0.047,0.024,0.013,4.14,0.054,2.88,0.3,4.44,,0.81
2014/11/24,YHZ,0.5,6.30115,85.105,10.49,7.4,5.31,1.4,0.041,0.013,0.011,,0.048,2.14,0.24,4.67,,0.825
2014/12/15,YHZ,0.5,2.1992,85.23,11.6945,7.4,4.62,1.3,0.039,0.009,0.007,,0.054,3.11,0.35,4.43,,0.915
2015/1/1,YHZ,0.5,,,,7.6,2.81,0.5,0.019,0.011,0.013,,0.043,2.88,0.1,3.72,,
2015/1/7,YHZ,0.5,2.05355,85.19,11.736,7.3,3.51,0.7,0.019,0.008,0.004,,0.018,0.845,0.27,4.53,,0.3
2015/1/14,YHZ,0.5,3.4947,90.78,12.033,7.1,3.94,0.7,0.032,0.016,0.009,5.57,0.021,4.42,0.58,3.77,,0.495
2015/1/20,YHZ,0.5,1.98275,82.92,11.4445,7.1,3.1,0.5,0.022,0.008,0.008,,0.031,4.91,0.25,4.21,,0.325
2015/2/3,YHZ,0.5,0.7686,80.645,11.509,7.2,2.83,0.5,0.019,0.006,0.006,,0.036,3.41,0.33,4.24,,0.3
2015/2/17,YHZ,0.5,0.64115,75.945,10.876,7.3,2.82,0.6,0.018,0.008,0.006,,0.037,3.99,0.2,4.14,,0.345
2015/3/3,YHZ,0.5,1.6104,84.675,11.807,7.3,2.98,0.5,0.019,0.01,0.005,4.25,0.04,3.43,0.18,3.64,,0.585
2015/3/17,YHZ,0.5,,,,7.6,3.12,0.8,0.019,0.01,0.004,,0.05,3.39,0.32,3.46,,
2015/3/31,YHZ,0.5,,,,7.3,3.96,3.4,0.105,0.019,0.01,,0.027,2.68,0.46,2.8,,
2015/4/14,YHZ,0.5,6.18245,101.635,12.563,7.2,3.31,0.7,0.021,0.007,0.003,,0.032,3.5,0.26,2.47,,0.955
2015/4/27,YHZ,0.5,10.205,91.84,10.2925,7.3,4.92,1.3,0.042,0.009,0.003,,0.035,3.22,0.22,1.76,,4.99
2015/5/11,YHZ,0.5,10.2739,106.035,11.8655,7.4,4.52,0.9,0.039,0.013,0.005,2.23,0.042,1.49,0.2,1.62,,0.925
2015/5/26,YHZ,0.5,10.573,80.975,8.9955,7.5,6.81,2.2,0.096,0.02,0.011,,0.04,1.9,0.38,2.85,,2.055
2015/6/9,YHZ,0.5,12.35355,97.57,10.4025,,,,,,,,,,,,,1.235
2015/6/23,YHZ,0.5,11.64535,84.505,9.158,,,,,,,,,,,,,1.79
2015/7/7,YHZ,0.5,17.80245,83.7,7.932,,,,,,,,,,,,,1.905
2015/7/21,YHZ,0.5,19.2838,74.165,6.817,7.7,6.02,1,0.071,0.043,0.021,,0.065,0.833,0.18,3.7,,1.7
2015/8/3,YHZ,0.5,15.20705,77.705,7.7765,7.8,5.15,1.3,0.066,0.03,0.016,,0.011,0.613,0.32,2.4,,1.135
2015/8/18,YHZ,0.5,15.39275,88.635,8.838,7.5,8.68,2.3,0.133,0.056,0.035,,0.133,1.52,0.52,3.61,,2.35
2015/9/1,YHZ,0.5,16.2683,68.635,6.717,7.5,5.85,0.7,0.064,0.034,0.024,1.73,0.057,0.923,0.12,3.53,,1.91
2015/9/16,YHZ,0.5,10.5126,83.205,9.2545,7.6,5.26,0.6,0.053,0.031,0.02,,0.049,0.815,0.16,4.07,,1.34
2015/9/28,YHZ,0.5,,,,7.5,5.23,0.5,0.041,0.021,0.008,,0.031,0.705,0.2,3,,
2015/10/14,YHZ,0.5,3.1003,68.01,9.103,7.6,4.86,0.4,0.034,0.027,0.01,,0.028,0.524,0.12,3.78,,0.84
2015/10/26,YHZ,0.5,6.387,91.96,11.304,7.4,5.88,0.6,0.033,0.016,0.009,,0.066,1.84,0.21,3.34,,2.025
2015/11/10,YHZ,0.5,9.28115,76.5,8.7595,7.3,4.98,0.6,0.033,0.019,0.008,1.73,0.053,1.18,0.14,3.67,,1.875
2015/11/23,YHZ,0.5,3.74235,84.56,11.132,7.2,6.16,1,0.043,0.02,0.007,,0.04,3.39,0.39,4.12,,1.58
2015/12/8,YHZ,0.5,3.9986,86.01,11.2485,7.1,5.18,0.6,0.028,0.027,0.012,5.74,0.097,4.56,0.26,4.22,,0.5
2016/1/12,YHZ,0.5,2.0941,95.19,13.0985,7.3,4.92,1.5,0.05,0.019,0.009,3.42,0.026,2.62,0.23,4.2,,0.825
2016/1/26,YHZ,0.5,2.8979,80.01,10.773,7.2,4.26,0.7,0.021,0.01,0.006,5.16,0.028,4.06,0.13,3.97,,0.5
2016/2/9,YHZ,0.5,3.2007,86.09,11.5005,7.1,3.79,0.5,0.02,0.015,0.005,4.99,0.035,4.29,0.15,3.74,,0.495
2016/2/23,YHZ,0.5,3.6359,102.915,13.588,7.1,4.46,0.7,0.033,0.021,0.008,4.96,0.02,3.96,0.14,3.49,,0.685
2016/3/8,YHZ,0.5,1.6641,90.85,12.6475,7.9,3.64,0.5,0.019,0.008,0.003,4.29,0.036,3.73,0.21,3.5,,0.5
2016/3/21,YHZ,0.5,4.2888,88.735,11.5165,7.7,3.07,0.6,0.021,0.016,0.004,3.37,0.054,2.63,0.2,3.12,,1.025
2016/4/5,YHZ,0.5,,,,7.5,4.52,1,0.031,0.011,0.003,3.44,0.045,2.55,0.21,2.95,,
2016/4/19,YHZ,0.5,6.9123,80.095,9.721,7.5,4.21,0.8,0.039,0.011,0.008,2.83,0.026,1.98,0.48,2.87,,1.61
2016/5/2,YHZ,0.5,8.23735,95.03,11.165,7.7,4.22,1.1,0.038,0.015,0.004,2.1,0.04,1.32,0.2,2.53,,1.325
2016/5/17,YHZ,0.5,8.8678,78.56,9.0895,7.8,4.09,1.2,0.027,0.011,0.003,2.82,0.02,1.67,0.21,1.65,,1.185
2016/5/30,YHZ,0.5,16.1373,76.955,7.555,7.5,6.58,2.3,0.089,0.027,0.003,1.78,0.048,0.573,0.39,1.94,,3.23
2016/6/14,YHZ,0.5,14.3631,85.075,8.6765,7.5,8.22,0.7,0.061,0.03,0.007,2.73,0.031,1.7,0.13,3.35,,1.8
2016/6/28,YHZ,0.5,15.7587,69.43,6.868,7.9,6.29,1,0.064,0.039,0.014,2.27,0.051,1.46,0.14,3.63,,1.31
2016/7/12,YHZ,0.5,17.00075,75.8,7.3035,7.7,5.76,0.9,0.068,0.033,0.02,1.9,0.063,1.06,0.14,3.43,,1.535
2016/7/25,YHZ,0.5,18.62465,77.865,7.2565,,,,,,,,,,,,,3.575
2016/7/26,YHZ,0.5,,,,8,7.59,1.9,0.092,0.051,0.018,1.6,0.035,0.514,0.34,2.36,,
2016/8/9,YHZ,0.5,14.8346,73.03,7.3705,8.1,6.49,1.9,0.093,0.027,0.016,1.77,0.021,0.758,0.32,2.93,,3.215
2016/8/23,YHZ,0.5,14.6517,78.92,7.996,8,5.24,1,0.078,0.05,0.023,1.58,0.088,0.878,0.2,3.3,,1.285
2016/9/6,YHZ,0.5,14.63815,81.295,8.2365,8,5.28,0.5,0.058,0.042,0.021,1.08,0.016,0.474,0.12,3.21,,1.24
2016/9/20,YHZ,0.5,,,,7.7,4.85,0.9,0.068,0.038,0.018,1.76,0.021,1.04,0.16,4.25,,
2016/10/4,YHZ,0.5,,,,7.7,4.98,1.3,0.074,0.035,0.021,1.6,0.039,0.788,0.22,3.06,,
2016/10/18,YHZ,0.5,,,,7.8,6,0.6,0.039,0.02,0.006,2.69,0.022,1.91,0.2,3.75,,
2016/11/1,YHZ,0.5,,,,7.5,5.86,0.6,0.022,0.01,0.003,1.31,0.038,0.622,0.31,1.81,,
2016/11/14,YHZ,0.5,1.1046,73.795,10.434,7.3,4.95,0.7,0.031,0.015,0.006,4.88,0.023,3.95,0.32,4.25,,3.27
2016/11/29,YHZ,0.5,,,,7.1,4.65,0.6,0.031,0.013,0.007,5.82,0.055,4.9,0.22,4.52,,
2016/12/12,YHZ,0.5,,,,7.3,5.13,0.6,0.033,0.03,0.008,3.89,0.028,3.17,0.56,4.43,,
2017/1/10,YHZ,0.5,0.7909,63.675,9.0795,7.4,3.91,0.4,0.019,0.013,0.003,4.93,0.034,4.19,0.25,4.58,,0.53
2017/1/24,YHZ,0.5,,,,,,,,,,,,,,,,
2017/2/7,YHZ,0.5,0.8404,78.045,11.1155,7,5.15,0.6,0.028,0.017,0.007,3.9,0.031,3.25,0.24,4.33,,0.7
2017/2/21,YHZ,0.5,2.9621,77.82,10.46,6.8,4.9,2.5,0.091,0.024,0.017,5.2,0.031,3.91,0.51,3.77,,0.85
2017/3/7,YHZ,0.5,4.20355,80.395,10.457,7.1,3.81,0.6,0.021,0.016,0.006,5.47,0.01,4.64,0.15,1.52,,0.6
2017/3/21,YHZ,0.5,6.9678,80.75,9.7885,7.4,3.83,0.6,0.027,0.01,0.003,3.96,0.019,3.23,0.29,3.31,,0.975
2017/4/4,YHZ,0.5,,,,7.6,3.71,0.9,0.025,0.011,0.009,3.51,0.034,3.01,0.42,3.27,,
2017/4/18,YHZ,0.5,,,,7.5,3.51,0.6,0.035,0.016,0.005,2.72,0.042,2.12,0.23,3.19,,
2017/5/2,YHZ,0.5,,,,7.5,3.74,2.2,0.037,0.015,0.005,2.46,0.078,1.67,0.83,2.63,,
2017/5/15,YHZ,0.5,,,,7.7,5.81,1.6,0.059,0.016,0.006,2.09,0.047,1.15,0.35,2.95,,
2017/5/30,YHZ,0.5,16.9153,84.855,8.1935,7.4,6.19,1,0.05,0.024,0.006,4.95,0.03,2.98,0.27,3.26,,1.435
2017/6/13,YHZ,0.5,14.2724,83.85,8.565,7.6,5.68,0.9,0.061,0.022,0.013,2.75,0.063,1.83,0.46,3.81,,1.15
2017/6/27,YHZ,0.5,13.4935,83.305,8.658,7.7,5.48,0.7,0.06,0.039,0.021,1.94,0.028,1.19,0.17,3.72,,1.395
2017/7/10,YHZ,0.5,16.6578,68.845,6.681,7.6,5.9,1.3,0.518,0.042,0.023,1.61,0.063,0.777,0.33,2.85,,1.595
2017/7/25,YHZ,0.5,14.87945,76.51,7.7165,7.2,12,3.3,0.137,0.03,0.012,2.28,0.01,0.737,0.57,3.03,,3.89
2017/8/8,YHZ,0.5,14.82155,74.785,7.551,7.6,7.72,1.3,0.056,0.022,0.006,4.53,0.025,3.3,0.23,4.21,,1.89
2017/8/22,YHZ,0.5,,,,7.7,8,3.99,0.118,0.023,0.01,4.25,0.04,2.7,0.844,3.26,,
2017/9/5,YHZ,0.5,,,,7.7,6.36,1,0.051,0.031,0.016,3.48,0.049,2.5,0.48,3.2,,
2017/9/18,YHZ,0.5,8.48685,72.045,8.4115,7.6,6.99,1.6,0.054,0.038,0.017,2.22,0.036,1.39,0.35,2.85,,3.02
2017/10/4,YHZ,0.5,10.79435,72.225,7.9845,7.6,8.21,1.4,0.069,0.025,0.016,2.05,0.021,1.17,0.63,2.86,,2.745
2017/10/17,YHZ,0.5,11.3058,78.77,8.6045,7.6,7.3,0.3,0.038,0.018,0.003,3.85,0.01,2.77,0.47,3.44,,6.71
2017/11/1,YHZ,0.5,7.80205,72.785,8.6425,7.5,6.35,0.97,0.04,0.015,0.006,2.84,0.017,1.9,0.4,3.49,,6.57
2017/11/13,YHZ,0.5,4.6978,78.19,10.041,7.5,6.41,1.16,0.049,0.013,0.007,4.05,0.03,2.92,0.28,3.92,,4.05
2017/11/28,YHZ,0.5,3.82225,80.32,10.5535,7.4,6.57,1.5,0.06,0.019,0.015,5.06,0.045,3.88,0.1,4.05,,0.9
2017/12/12,YHZ,0.5,1.60425,87.265,12.1705,7.3,4.32,0.36,0.046,0.017,0.014,5.18,0.03,4,0.1,3.48,,0.6
2018/1/9,YHZ,0.5,1.82825,85.955,11.915,7.1,3.55,0.43,0.021,0.009,0.009,5.93,0.025,4.73,0.33,4.09,,11.25
2018/1/24,YHZ,0.5,,,,7.6,3.9,1.08,0.04,0.012,0.009,6.17,0.037,3.13,0.16,3.18,,
2018/2/6,YHZ,0.5,,,,6.9,2.89,0.96,0.018,0.01,0.003,5.01,0.028,4.19,0.16,3.86,,
2018/2/20,YHZ,0.5,0.00665,91.005,13.267,7.2,2.14,0.56,0.018,0.008,0.005,4.26,0.043,3.52,0.12,4.56,,0.3
2018/3/6,YHZ,0.5,,,,7.1,3.38,0.64,0.022,0.013,0.004,4.43,0.141,3.42,0.12,4.17,,
2018/3/20,YHZ,0.5,,,,,,,,,,,,,,,,
2018/4/3,YHZ,0.5,5.843,97.27,12.1295,7,3.71,0.88,0.022,0.002,0.004,4.19,0.015,3.4,0.24,3.46,,0.895
2018/4/17,YHZ,0.5,10.06495,65.515,7.3675,7.1,4.81,1.2,0.037,0.013,0.003,3.94,0.025,1.97,0.24,2.69,,1.975
2018/5/2,YHZ,0.5,7.96495,101.6,12.0145,7.4,4.22,1.48,0.054,0.015,0.004,2,0.054,1.47,0.24,2.35,,1.34
2018/5/15,YHZ,0.5,,,,7.6,4.95,1.24,0.064,0.031,0.01,2.05,0.063,1.26,0.2,3.28,,
2018/5/29,YHZ,0.5,,,,7.5,6.9,2.36,0.11,0.07,0.009,1.73,0.01,0.555,0.44,2.18,,
2018/6/11,YHZ,0.5,,,,7.6,7.01,1.88,0.084,0.031,0.003,1.71,0.028,0.642,0.28,3.12,,
2018/6/26,YHZ,0.5,,,,7.8,5.99,4,0.137,0.02,0.008,1.93,0.032,0.656,0.64,3.4,,
2018/7/10,YHZ,0.5,,,,,,,,,,,,,,,,
2018/7/24,YHZ,0.5,,,,,5.86,1.32,0.075,0.019,0.006,1.41,0.01,0.517,0.64,3.28,,
2018/8/7,YHZ,0.5,,,,7.8,5.23,1,0.051,,0.008,1.31,0.027,0.048,0.28,1.49,,
2018/8/21,YHZ,0.5,,,,,,,,,,,,,,,,
2018/9/4,YHZ,0.5,,,,,,,,,,,,,,,,
2018/9/18,YHZ,0.5,,,,,,,,,,,,,,,,
2018/10/2,YHZ,0.5,,,,,,,,,,,,,,,,
2018/10/16,YHZ,0.5,,,,,,,,,,,,,,,,
2018/10/30,YHZ,0.5,,,,,,,,,,,,,,,,
2018/11/13,YHZ,0.5,,,,,,,,,,,,,,,,
2018/11/27,YHZ,0.5,1.97535,89.1,12.282,7.4,2.82,0.24,0.016,0.009,0.007,1.49,0.08,0.876,0.56,5.07,,5.47
2018/12/12,YHZ,0.5,2.78255,87.5,11.8085,7,4.79,0.76,0.026,0.014,0.003,3.2,0.01,2.45,0.24,5.12,,1.52
2019/1/9,YHZ,0.5,1.8051,80.13,11.1125,7.1,3.92,0.56,0.022,0.013,0.005,6.51,0.01,5.5,0.32,4.37,,0.77
2019/1/23,YHZ,0.5,0.45805,96.655,13.914,7.2,4.1,0.36,0.014,0.007,0.003,8.59,0.053,6.95,0.24,4.2,,0.4
2019/2/5,YHZ,0.5,1.09355,80.735,11.4185,7.2,3.31,0.32,0.013,0.009,0.008,6.04,0.023,4.96,0.24,4.29,,0.41
2019/2/19,YHZ,0.5,3.46885,76.19,10.1045,7.1,3.78,0.4,0.014,0.009,0.007,6.83,0.068,5.88,0.44,4.04,,0.63
2019/3/5,YHZ,0.5,,,,7.2,3.29,0.4,0.017,0.01,0.006,4.89,0.077,3.84,0.32,3.72,,
2019/3/19,YHZ,0.5,4.19285,77.62,10.0995,7,4.17,0.52,0.02,0.009,0.005,6.3,0.104,5.1,0.4,3.52,,0.705
2019/4/2,YHZ,0.5,4.34005,78.03,10.1135,7.4,3.57,0.44,0.013,0.008,0.003,4.61,0.018,3.48,0.2,2.93,,0.905
2019/4/16,YHZ,0.5,3.97785,84.885,11.1075,7.6,3.8,0.6,0.019,0.009,0.003,3.15,0.014,2.42,0.6,2.32,,1.57
2019/4/30,YHZ,0.5,,,,7.5,3.78,0.6,0.019,0.007,0.006,1.78,0.012,1.18,0.4,2.69,,
2019/5/14,YHZ,0.5,8.36085,89.925,10.531,7.7,4.12,0.68,0.024,0.009,0.009,1.1,0.018,0.621,0.56,1.97,,3.075
2019/5/28,YHZ,0.5,12.80285,87.75,9.264,7.9,4.66,0.92,0.033,0.022,0.007,1.2,0.016,0.528,0.32,2.22,,2.075
2019/6/12,YHZ,0.5,14.68605,78.515,7.95,7.8,8.19,2.4,0.1,0.063,0.028,2.37,0.084,1.01,0.6,2.88,,1.955
2019/6/25,YHZ,0.5,16.05955,65.87,6.4725,7.8,5.18,1.16,0.067,0.024,0.016,1.42,0.054,0.632,0.44,4.89,,0.705
2019/7/9,YHZ,0.5,,,,7.9,4.34,1.28,0.05,0.01,0.004,0.843,0.024,0.243,0.48,3.86,,
2019/7/10,YHZ,0.5,,,,7.7,,,,,,,,,,,,
2019/7/23,YHZ,0.5,15.30515,50.52,5.043,7.7,5.17,1.12,0.055,0.02,0.013,0.79,0.034,0.126,0.6,4.05,,1.015
2019/8/7,YHZ,0.5,15.3529,63.755,6.357,8.1,4.67,0.52,0.057,0.024,0.024,0.805,0.025,0.254,0.6,5.29,,0.97
2019/8/20,YHZ,0.5,12.41295,72.95,7.7675,8.1,4.26,0.68,0.04,0.017,0.008,0.632,0.01,0.167,0.6,3.37,,30.52
2019/9/3,YHZ,0.5,,,,8.1,5.44,0.8,0.053,0.016,0.005,0.85,0.01,0.222,0.76,4.96,,
2019/9/17,YHZ,0.5,8.77435,70.42,8.1585,8,4.25,0.56,0.023,0.008,0.008,1.24,0.02,0.683,0.52,4.26,,0.645
2019/10/1,YHZ,0.5,11.3723,83.465,9.1005,7.8,4.86,1.04,0.046,0.021,0.018,1.86,0.012,1.1,0.52,3.89,,7.875
2019/10/15,YHZ,0.5,10.10825,73.175,8.2155,7.7,5.8,0.44,0.026,0.013,0.008,2.38,0.03,1.25,0.36,4.18,,9.215
2019/10/16,YHZ,0.5,11.04425,73.57,8.0795,7.6,,,,,,,,,,,,1.07
2019/10/29,YHZ,0.5,6.18045,84.24,10.41,7.6,5.62,0.4,0.025,0.017,0.008,2.23,0.018,1.15,0.4,4.09,,3.705
2019/11/26,YHZ,0.5,,,,7.3,5.47,0.72,0.027,0.016,0.005,1.29,0.024,1.62,0.32,4.09,,
2019/12/10,YHZ,0.5,,,,7.3,5.91,1.2,0.042,0.013,0.007,3.38,0.034,2.48,0.56,4.8,,
2020/1/14,YHZ,0.5,3.59475,78.89,10.4265,7.4,4.3,0.44,0.016,0.012,0.011,6.09,0.021,5.13,0.52,4.76,,1.685
2020/1/28,YHZ,0.5,3.1167,84.995,11.377,7.2,5.27,1.12,0.042,0.017,0.007,5.46,0.027,4.41,0.64,4.37,,1.53
2020/2/25,YHZ,0.5,4.875854505,90.84072985,11.5985518,6.9,5.48,0.64,0.033,0.019,0.013,5.71,0.031,4.69,0.64,3.75,,3.128670814
2020/3/10,YHZ,0.5,4.201367185,92.90004044,12.07095947,7.2,4.1,1.08,0.029,0.014,0.006,5.26,0.018,4.4,0.32,3.35,,2.992584225
2020/3/24,YHZ,0.5,2.757206725,98.52859307,13.30261445,7.3,4.02,0.56,0.021,0.011,0.006,4.46,0.026,3.81,0.4,3.85,,1.702288825
2020/4/7,YHZ,0.5,6.82469179,100.7570103,12.2418856,7.5,3.4,0.96,0.027,0.009,0.003,3.39,0.024,2.7,0.56,3.6,,3.413308715
2020/4/21,YHZ,0.5,7.71282501,98.68854676,11.72852949,7.4,3.9,0.64,0.031,0.015,0.007,2.21,0.043,1.6,0.24,2.92,,3.359899905
2020/5/5,YHZ,0.5,7.732244875,94.67099039,11.24550986,7.8,4.58,0.6,0.039,0.015,0.007,1.45,0.039,0.897,0.32,2.87,,4.28582764
2020/5/19,YHZ,0.5,11.46629334,92.05011063,10.00446484,7.4,4.71,1.24,0.058,0.013,0.008,1.39,0.067,0.598,0.8,2.58,,3.52480469
2020/6/3,YHZ,0.5,12.83909912,85.50093117,9.005747559,7.6,4.13,0.84,0.063,0.016,0.009,1.06,0.091,0.424,0.76,3.92,,2.58277893
2020/6/16,YHZ,0.5,15.32412873,91.25601387,9.102387451,8,6.96,1.16,0.062,0.039,0.016,1.92,0.044,0.901,0.6,3.86,,4.173376465
2020/6/30,YHZ,0.5,13.21177521,91.56143379,9.564625635,7.3,5.94,2.24,0.108,0.017,0.011,1.66,0.029,0.436,1.04,4.79,,2.385430905
2020/7/14,YHZ,0.5,12.4519745,89.23290863,9.481178907,7.6,6.31,1.76,0.095,0.03,0.022,1.45,0.057,0.367,0.56,5.2,,2.279672245
2020/7/28,YHZ,0.5,17.5718628,84.20699426,8.008616797,7.9,6.19,0.9,0.071,0.039,0.008,1.14,0.029,0.186,0.5,4.62,,2.91496277
2020/8/11,YHZ,0.5,16.8206131,72.52221107,7.004999219,8.1,4.81,0.72,0.066,0.052,0.03,0.626,0.069,0.156,0.48,5.4,,2.222500615
2020/8/25,YHZ,0.5,12.25757752,92.732259,9.892799365,8.5,4.91,0.76,0.062,0.03,0.024,0.998,0.042,0.491,0.48,4.65,,14.88219299
2020/9/8,YHZ,0.5,10.3121872,90.60065117,10.10887998,8.4,4.32,0.64,0.043,0.028,0.006,0.73,0.038,0.026,0.44,4.71,,5.87111816
2020/9/22,YHZ,0.5,7.674319455,81.94667778,9.739975147,8.5,3.81,0.8,0.036,0.027,0.015,0.542,0.045,0.13,0.36,3.72,,6.22505493
2020/10/6,YHZ,0.5,,,,8,4.6,0.52,0.042,0.021,0.012,0.653,0.019,0.208,0.2,4.56,,
2020/10/19,YHZ,0.5,8.462912,89.05136452,10.38959077,7.8,9.95,0.92,0.047,0.031,0.014,5.42,0.149,3.96,0.28,4.13,,10.09613648
2020/11/3,YHZ,0.5,10.08450623,88.87223626,9.975874316,7.5,10.1,0.88,0.034,,0.008,4.03,0.02,2.86,0.2,4.25,,6.988311765
2020/11/17,YHZ,0.5,7.463730576,93.12053862,11.13438532,7.4,7.38,0.44,0.024,0.015,0.009,3.99,0.026,2.84,0.12,4.48,,4.476812448
2020/12/1,YHZ,0.5,2.476422125,87.34086877,11.87869365,7.5,6.03,0.48,0.023,0.015,0.008,3.25,0.045,2.39,0.2,4.63,,3.379949965
2020/12/15,YHZ,0.5,3.60663909,88.63723832,11.69604155,7.5,6.18,0.56,0.025,0.013,0.007,2.85,0.037,1.92,0.2,4.78,,6.846817015
2021/1/12,YHZ,0.5,,,,7.6,6.44,0.52,0.028,0.012,0.006,4.27,0.039,3.34,0.12,4.93,,
2021/1/26,YHZ,0.5,1.418908695,91.6387001,12.8289918,7.6,5.53,0.96,0.032,0.017,0.011,7.7,0.048,6.28,0.24,5.43,,3.047509775
2021/3/23,YHZ,0.5,4.20469055,98.83505326,12.84011694,7.5,4.26,0.48,0.018,0.011,0.005,5,0.021,3.86,0.28,2.21,,3.40311889
2021/4/14,YHZ,0.5,4.38417358,97.48757211,12.605348,7.5,4.79,0.92,0.027,0.009,0.004,4.97,0.026,3.4,0.28,3.09,,3.388546745
2021/4/20,YHZ,0.5,6.827429195,99.6370369,12.10448994,7.6,5.65,1.4,0.03,0.016,0.006,2.72,0.015,2,0.2,3.28,,2.984005745
2021/5/4,YHZ,0.5,7.202876295,96.08809396,11.56418042,7.5,4.9,1,0.032,0.01,0.004,2.05,0.025,1.48,0.32,2.77,,6.46423951
2021/5/18,YHZ,0.5,11.60546723,99.18773536,10.74760898,6.7,6.83,1.12,0.032,0.01,0.01,1.65,0.029,0.897,0.36,2.3,,3.235250855
2021/6/1,YHZ,0.5,11.6989502,98.65351716,10.66562876,7.1,5.69,1,0.05,0.042,0.026,1.4,0.061,0.702,0.32,2.6,,2.524481205
2021/6/15,YHZ,0.5,15.40505523,90.89631881,9.051473486,7.2,6.64,1.36,0.074,0.029,0.019,1.36,0.06,0.674,0.28,3.36,,3.97953186
2021/6/29,YHZ,0.5,16.09895935,78.00687104,7.652924756,7.7,7.65,1.36,0.095,0.035,0.017,2.11,0.119,1.1,1.08,2.82,,4.547619625
2021/7/13,YHZ,0.5,,,,8,7.02,0.76,0.063,0.042,0.026,1.35,0.101,0.52,0.6,3.37,,
2021/7/27,YHZ,0.5,16.19434815,87.51555939,8.568297412,7.6,7.18,1.24,0.076,0.027,0.023,1.25,0.044,0.534,0.56,4.18,,3.503369135
2021/8/10,YHZ,0.5,13.33572083,91.02916566,9.483093457,8.2,6.88,0.8,0.063,0.032,0.023,0.96,0.03,0.391,0.64,4.12,,7.565194695
2021/8/24,YHZ,0.5,13.01112824,91.66432037,9.617601904,8.1,6.67,1.24,0.094,0.067,0.032,1.67,0.035,0.778,0.48,4.07,,9.858261105
2021/9/7,YHZ,0.5,13.75366032,97.47320332,10.06265682,8.1,8.57,1.6,0.046,0.019,0.009,3.15,0.031,2.19,0.44,4.57,,6.270920712
2021/9/21,YHZ,0.5,11.44416047,98.22770424,10.68307554,7.5,8.23,1.4,0.063,0.018,0.007,1.75,0.019,0.565,0.28,4.38,,11.69162904
2021/10/5,YHZ,0.5,11.12672273,84.52871247,9.260309912,7.7,7.93,2.76,0.167,0.059,0.043,2.47,0.379,0.966,0.4,3.04,,5.953118895
2021/10/19,YHZ,0.5,7.702113345,93.73963395,11.14129517,7.6,6.51,0.52,0.036,0.02,0.012,1.3,0.037,0.605,0.24,4.08,,3.319946295
2021/11/2,YHZ,0.5,7.49893951,89.50373766,10.6897667,7.2,6.14,0.6,0.039,0.015,0.01,1.07,0.042,0.443,0.24,4.88,,2.550765995
2021/11/16,YHZ,0.5,4.81021271,95.12585794,12.16194678,7.2,5.67,0.76,0.036,0.018,0.014,1.65,0.061,0.846,0.24,4.4,,8.34611816
2021/11/30,YHZ,0.5,1.63300629,94.56230736,13.15206646,7.4,6.06,0.84,0.038,0.013,0.009,1.51,0.083,0.843,0.28,4.33,,4.142095955
2021/12/14,YHZ,0.5,3.390354686,98.42739686,13.06324019,7.6,5.74,0.84,0.033,0.014,0.009,2.43,0.066,1.67,0.32,4.79,,10.38049898
